"","y.NPV_hay","y.NPV_orchard","y.NPV_decision","x.uncert_tree_vulnerability","x.uncert_tree_parameter_age_1","x.uncert_tree_parameter_age_2","x.uncert_wholesail_threshhold","x.uncert_influence_quali","x.uncert_influence_supply_chain_invest","x.uncert_risk_decrease_mean","x.uncert_risk_decrease_var","x.uncert_wholesail_threshhold_t","x.hay_mean_t","x.hay_var_t","x.hay_price_mean_Eur_t","x.hay_price_var_Eur_t","x.hay_costs_establishment_Eur","x.hay_labor_harvest_mean_h","x.hay_labor_harvest_var_h","x.labor_wage_Eur_per_h_brutto","x.supply_chain_invest_mean_h","x.supply_chain_invest_var_h","x.walnut_price_direct_Eur_per_kg","x.walnut_price_wholesale_Eur_per_kg","x.risk_yearly_drought","x.risk_yearly_drought_decrease_mean","x.risk_yearly_drought_decrease_var","x.risk_unknown","x.risk_spring_frost","x.risk_spring_frost_decrease_mean","x.risk_spring_frost_decrease_var","x.risk_disease","x.risk_disease_decrease_mean","x.risk_disease_dicrease_var","x.fruit_mean_kg_per_tree","x.fruit_yield_var_per_tree","x.fruit_time_to_first_yield_est","x.fruit_time_to_second_yield_est","x.fruit_first_yield_percent","x.fruit_second_yield_percent","x.timber_mean_t_per_tree","x.timber_var_t_per_tree","x.timber_price_mean_Eur_t","x.timber_price_var_Eur_t","x.timber_labor_harvest_mean_h","x.timber_labor_harvest_var_h","x.fruit_price_machinery_mean_Eur","x.fruit_price_machinery_var_Eur","x.fruit_labor_harvest_h_per_kg","x.fruit_labor_harvest_basis_h","x.fruit_labor_pruning_h_per_tree","x.tree_establishment_costs"
"1",974.743585778476,-291440.515368898,292415.258954677,0.324869762477736,28.9619905510007,0.0691055592284951,4405.77716160334,0.24569708072497,0.261986461160744,0.68994613511335,0.412114290354585,1191.30129091698,3.42566375218703,0.105345922889851,121.710580780142,0.324437326425991,4183.04438899124,0.0924632931096637,0.254479008026965,20,6.74995482634797,0.313245109148845,7.35712565447444,4.61148527291645,0.395438092638982,0.256713572140245,0.0641145216889257,0.501978396653998,0.402691110129626,0.213705620336239,0.626444012863753,0.49985375608459,0.330525199382705,0.924977656147101,27.7863209371249,0.167422502507419,5.90310443213254,42.6532892883827,0.11400738893524,0.854523681560516,0.762652089286355,0.164298526473466,25.5109258287621,0.27491773077553,0.56902690134311,0.335973584120057,27296.0283261916,0.154969935743282,0.800732276036826,4.56481567278083,0.436975079608464,9206.71546980658
"2",-82.2087800320503,-1519759.57062742,1519677.36184739,0.580994575949377,24.227935338547,0.0498902588373896,4794.03966493792,0.219545153613265,0.55478341750561,0.61509829516105,0.168348692749216,1309.13677366105,2.94897626905344,0.111415110682219,126.987004215102,0.267570346801261,1018.22780738368,0.121487886354399,0.138552314364748,20,21.1347770231047,0.486963997481544,7.34624242442692,6.79756950349165,0.113207770453566,0.480764886243406,0.110654627002504,0.00455908882406247,0.41428998919238,0.786946888712057,0.735791331778192,0.581835902994968,0.715664147557524,0.219484188288504,26.4774181103079,0.189321538440788,5.1731002399859,44.0433524823765,0.124067505676867,0.866893101851301,0.372230403729172,0.121509390893923,27.2983692263182,0.238515965027521,0.84146877301867,0.141483150912543,27812.4915446084,0.113313638470429,6.40402441386916,4.34560744478012,0.232362749801783,20584.7574591788
"3",584.541774538176,-2672079.54975379,2672664.09152833,0.675715258777609,26.3649358570973,0.0468594068801908,4364.12581914781,0.917232918670755,0.708194953552332,0.49765196864131,0.483291372009683,1226.65080292004,3.36631251732819,0.149170522408759,147.797781194514,0.187148874953501,2720.49772466241,0.131686503558616,0.170266223373684,20,16.2986593057543,0.246030782128906,8.93049043029253,6.53432518451122,0.419153201962229,0.348129600221745,0.138744726372888,0.320011681216007,0.0225087520236499,0.434781537629116,0.851792560470491,0.309424090603777,0.746036734860475,0.02026778083801,21.8756853899401,0.160727393863735,5.38951685453912,39.1367671795758,0.0950461062726351,0.829229472966265,1.45151791009419,0.188350167546553,26.7406712855036,0.232016223049758,0.686537782577601,0.301127911675023,23166.7349492446,0.14143339661396,8.86707421589371,4.55880652019002,0.259732401591373,19951.8744861691
"4",664.804194058637,-1614367.0081905,1615031.81238456,0.550379796668425,28.1782216316234,0.0406782541503893,4750.07927589625,0.273068800284427,0.427942360255279,0.651640643761074,0.601151552944206,1020.62250910077,3.84296526828943,0.148171721851094,133.889229806777,0.144703594089061,3934.16337302762,0.188404038889551,0.243616025595552,20,24.870278864782,0.442666359837443,7.34774802163545,5.98072207023356,0.334382478131556,0.196462486859555,0.0854046711750688,0.582621170379233,0.566057112069553,0.32652920792255,0.691851818418367,0.51076600111788,0.317508234861707,0.143206406603019,26.2392049436026,0.156265084498756,4.76066638249591,41.1021362036329,0.131307866110013,0.854530063013544,0.802338157361991,0.178219763208696,28.9094991954282,0.180609147243287,0.781967344367041,0.406759047745229,36547.5074328303,0.140235708602764,6.92461941698307,5.56574649896876,0.759327395375831,10121.4124719861
"5",2924.97082448852,-1052571.10866983,1055496.07949432,0.654709475293187,23.2640256983352,0.0691672716304084,4030.98945766534,0.437009907633614,0.209873791361213,0.820710038595585,0.807590798623977,995.125707591856,3.09185924065517,0.166585097033458,122.387475917156,0.10932254327953,4012.76691819854,0.0959111183324862,0.132542041253703,20,19.9161539948918,0.367660343900037,7.68791490909432,3.62617273564927,0.453083859150108,0.500106646032693,0.0803117262935567,0.471098043108683,0.333322973820166,0.274072168399453,0.530585087991509,0.284846006506139,0.265556075323271,0.484170290848813,23.0725570357823,0.163462645757391,4.48530460460786,43.1152278711118,0.132059597148477,0.86237361970262,1.23527181161398,0.157617682447883,27.5983203662516,0.238116614630175,0.499619934898477,0.419728254181248,31714.9346222619,0.173536936367031,1.97729879809127,8.36311796626833,0.50600989988106,69.7584110478201
"6",522.607925609824,-3088774.49404956,3089297.10197517,0.837902126586625,38.9063004568037,0.0464509017695256,4632.31915922705,0.526469695301286,0.677315626217263,0.514640833074308,0.586132784459294,1156.28718393181,2.5008161254036,0.154269213918307,128.972264937023,0.138017679629693,1532.7963970347,0.111395885454946,0.154997029295576,20,21.7974775532695,0.312743938923411,7.25306781625527,4.99230029263908,0.284346489353453,0.348733738931384,0.0986577969449735,0.406930639940326,0.600558638945251,0.930187822575059,0.206053883791566,0.770438725070216,0.638634255376997,0.873334192373926,22.7549346903934,0.143666617257197,5.30826226941168,45.282249651806,0.11654120544525,0.853420871670429,1.63048118216392,0.135920818608767,39.8948198210938,0.230770471549986,0.768906462389858,0.342976695179369,24014.9081625325,0.157482184332997,2.60296868378476,7.41971565937728,0.233817630679346,10924.5104581354
"7",1195.27599769314,-1458763.64388875,1459958.91988645,0.369676496351623,33.6646756004484,0.0515863144815308,4693.83534508143,0.627581261574689,0.530630150124972,0.379160365729126,0.406650723463299,1486.06959755354,3.59354626753544,0.140426401823453,127.853324816467,0.294623476468596,4541.75064029856,0.156729299512311,0.0973073733586005,20,24.6049851759183,0.296534187450893,7.00119464085798,7.19954528520366,0.713337510488306,0.532930974292773,0.0297576294848179,0.349011088244865,0.606976459443969,0.819734336258945,0.435624479759762,0.458365062841631,0.55186614000114,0.492795630559252,22.7661947425417,0.187486302522179,5.80508377012829,40.9642600004156,0.134882851893894,0.847695656786807,1.27586415822823,0.118949515359709,36.2116910990227,0.236978446609761,0.604256430312763,0.344405210279759,30111.3088299378,0.178159712956456,4.2038547305151,4.90613370262724,0.531261389139363,14961.9195516028
"8",329.90380909684,-1668494.81361685,1668824.71742595,0.566844792614817,25.9450405041945,0.0853114828940847,4043.4156349517,0.748669301034651,0.549317359954028,0.173267669104665,0.566322721260228,1237.22747647068,3.25289253689057,0.112041614052315,126.457450831229,0.06568982850306,1879.90933434961,0.0806719620977552,0.0918392595718804,20,14.701035193013,0.403303453375055,7.12609509543266,7.04898175602257,0.40293354668144,0.301062574613732,0.112586795322483,0.575531931534755,0.71198053828094,0.460781005419008,0.686772075961148,0.517021164255639,0.683623678240495,0.980841089009107,20.8668908591337,0.12278634634479,4.51023645684056,40.7559748662468,0.113698331795516,0.877493012402335,1.15509955701122,0.172259003999055,26.6438867229887,0.282803317838544,0.63976234733103,0.295281017262917,34205.5044742895,0.146734697682163,3.12918391130243,4.70034558579083,0.603163203312776,14209.1057288073
"9",10062.3136938928,-2083906.02274162,2093968.33643551,0.442085037949676,29.7456263812259,0.0495761065804372,4577.28574011412,0.420959757801005,0.489466076223321,0.59118448703661,0.206258515223967,1172.58810425613,3.88400204618226,0.170230531875309,144.837959742337,0.211784798871078,4110.05590011605,0.0354189362624074,0.156167374628228,20,26.8019837719334,0.120606900464142,6.87287618379521,6.86633999717487,0.911547972934434,0.437198365853608,0.131565523875183,0.988248403167128,0.131784499292991,0.528235310039149,0.559207131498617,0.929267740187453,0.280285906882438,0.840259438529199,21.1955028156993,0.143373740753125,4.89168895168435,40.8227536650746,0.121263982174483,0.833629903381965,1.01342269202919,0.157623969617671,24.0693664134055,0.288544549549369,0.565970297363606,0.389727993705396,30561.7060108018,0.171444547993384,7.08729176706586,3.73404039321398,0.504175899952768,12542.1326821466
"10",3530.84840790704,-2504472.09619377,2508002.94460168,0.72808629178586,20.9187736560776,0.0402220883787095,4447.60156816762,0.482889400767598,0.343944070834294,0.677511007265183,0.420565577991279,1380.83325869968,3.71291618248018,0.168253863795227,143.238022041813,0.0411774186944343,2036.46325867472,0.110944429015159,0.184757355366097,20,17.0441323561714,0.376226323118885,6.25805306581098,6.07901019865445,0.427582495543356,0.443270263219135,0.155815906877565,0.580107732961042,0.765839291849733,0.484461782196097,0.653950570951575,0.269389804824676,0.271712199391205,0.216158321779998,25.6941684594359,0.142916684551678,5.01153303515569,43.5265498929068,0.138286033263594,0.834874676069177,0.742720526028384,0.164586583586943,21.9051730069197,0.266932131308491,0.886227850279042,0.266592109748957,34265.135380253,0.198030418168304,9.74245707569655,8.25055240713448,0.461830390898776,5856.64306243015
"11",4220.11782645613,-1134699.62105027,1138919.73887672,0.265571504635208,29.630446202973,0.048707033818175,4780.08744337565,0.354991217352595,0.678406107294169,0.677723915703288,0.325797958440947,1196.47033367974,3.21175020854891,0.166250603107091,144.578484058326,0.234359524773863,824.776355617618,0.10599763730188,0.0855971478941663,20,22.2828257016409,0.318308646260461,7.59611975194261,3.59413166006537,0.845964662360042,0.536835167565216,0.079760416571986,0.527806187583036,0.378569725770738,0.709156528373542,0.254056704743335,0.226205732347098,0.932333271990042,0.987916063518235,23.8917690748921,0.178830644076074,5.99703930875595,44.3623098418301,0.114849027543235,0.832759673918044,1.05554275100716,0.121588069124337,28.7284813322158,0.2561286069421,0.912412271980351,0.251453402618568,33169.9026135447,0.101342347902556,4.65408788340014,3.25735436567805,0.594233032058208,9732.58907731907
"12",1528.92110402351,-1344373.24259035,1345902.16369437,0.22574208341358,31.1256394424706,0.0700416140598186,4549.23723154625,0.296302591494987,0.594007035839368,0.23375306223874,0.627774948486035,1297.63693848348,3.1973602877634,0.157254596731804,133.896869285969,0.239223677606467,2567.43523557848,0.175498860044181,0.211443696758134,20,9.93920166274,0.27687058656142,4.45797815926922,6.35781441459548,0.377283650819833,0.687032743191286,0.13633024410706,0.687482040305013,0.448734220912224,0.550150432272313,0.554288770691465,0.688223908883218,0.757186456813561,0.96621854806602,25.1360897703764,0.211109869004505,4.8161002811956,42.8320212738717,0.123505449411139,0.895249848528709,0.72085620625639,0.102943020676063,32.3402759948259,0.211696029824117,0.611853052430652,0.1548520683792,33281.9405298988,0.099570152751854,6.45759466430171,7.42464440164687,0.478559144975089,5703.68194094033
"13",2327.02700610035,-1514926.76840454,1517253.79541064,0.232194923684052,29.8597530462236,0.0805587499330139,4660.69768682889,0.406836496810861,0.11294827828544,0.459630826401435,0.827364645201615,1467.76734516218,2.07144085923327,0.147480766957295,145.891182502612,0.165680030990602,922.987470849379,0.0918735760303381,0.099301645398376,20,14.3000510533162,0.447405436769276,7.47316123112072,5.26364685943224,0.694025071301853,0.643183007431208,0.0806634219821216,0.513821875815969,0.779448088925306,0.379134594596677,0.407598911541384,0.158387297407893,0.321052371538217,0.779757360469615,27.5391710543998,0.135036336265084,5.60370995576371,42.2508015158916,0.11642382495127,0.863222985947899,0.928089087048465,0.140456052393217,32.832921840999,0.31716585159545,0.999374525918659,0.0313166796615879,27995.4749010882,0.112812594585091,7.20153908984841,4.78277824328506,0.364056917855639,10225.8683264189
"14",4281.9167810426,-1235895.04037896,1240176.95716001,0.219759381917713,30.4668445198767,0.0417609022004806,4884.08257398084,0.450443583729255,0.286342645412897,0.716374875550956,0.857101938053531,1392.97202600822,2.89147789325414,0.15117563714709,137.353059958632,0.129799490777441,760.348563141407,0.175902535353658,0.0542511053407453,20,15.0688661095734,0.18016684886571,6.99850597286362,6.23036611853048,0.544077903184895,0.510996014505665,0.081500352598582,0.700402746423074,0.648954993992369,0.469594311396677,0.730343175520346,0.650918294529914,0.287840605878575,0.468329592687779,26.3321441983238,0.116469625408834,6.10245337496684,43.499335998294,0.127258456961368,0.855632227992383,1.34313188930696,0.167426262460344,24.1169402769767,0.263754293352039,0.693295102570354,0.27517051298178,25668.0099647424,0.187507441315537,6.2308969762376,7.58890720867974,0.422132192542788,8412.82658039697
"15",648.666857195553,-5730536.28595895,5731184.95281615,0.833502294689545,21.8182589458666,0.0641938460350553,4816.33102999946,0.431975955811073,0.932962993986466,0.446800446550657,0.0861084998713136,1124.7035988728,3.01835107684429,0.131998580966823,128.979376181626,0.169711709514795,1733.12424529358,0.151902859639691,0.125045679607992,20,20.9218305527731,0.236411065736145,7.31528567253209,6.69241039949764,0.389697679573365,0.425176982817362,0.0921483102458362,0.504662366894374,0.668534666010574,0.1037358073763,0.471392667390293,0.527871373296173,0.801382569261494,0.550892716298696,25.4859325919802,0.159599458720207,4.33719517513551,41.6005277198928,0.110498042311529,0.850246195823019,1.15758826358582,0.133900873225067,22.1690305954482,0.276564846632881,0.712899398852845,0.388258300250891,31703.4581471617,0.15022975590248,5.21612093652245,1.85399138050278,0.510030669124256,10771.4772474688
"16",1087.13424452449,-806933.746524572,808020.880769096,0.4967037078464,28.0264066401321,0.0633575439386272,4254.67262486797,0.142286838406926,0.32361751122707,0.203576582754184,0.895837099590281,1305.25243732348,3.23780804159645,0.13520150513059,129.783799600528,0.243295774078969,3069.65244558565,0.114140966054088,0.140952027185281,20,30.4641395707176,0.327906388063392,7.45361952629069,6.45485821773533,0.944337085974472,0.426710462587363,0.162507235959025,0.595611398155451,0.511628144939399,0.758597838346268,0.429521206344535,0.605860088968974,0.778143928810825,0.338918829191273,21.0044417662529,0.120022782835202,3.72499247097332,38.7267611455214,0.109410809104535,0.840601309022984,0.688504818114258,0.160688591929027,40.0617601519043,0.245287728732122,0.884184426763275,0.282187617325984,35390.7480429169,0.0889060426621348,1.98412031577426,0.265050012501918,0.267621909852534,7386.70666652379
"17",189.778236955477,-626131.79243545,626321.570672406,0.127533721090318,31.879688299779,0.0418499324102606,4612.8128255267,0.163237179599552,0.420863272271041,0.506270951908844,0.512920660684603,1291.77068811162,2.48073143939429,0.175191843471093,127.973893544907,0.196374507897411,2438.4954607784,0.147612815021415,0.115745250830085,20,18.9622935926872,0.341340525178235,7.36682184494281,7.33198607921739,0.279387543649433,0.182644521922074,0.0620935492944442,0.494739303629788,0.720264109090098,0.924524272648852,0.148753517030771,0.26018353903467,0.782384339351154,0.374983033305724,21.934129831242,0.176720708135864,5.19666253769894,41.9090199820085,0.132796204253372,0.824066895437793,0.487757377482107,0.126075720199228,28.6302909524882,0.22300534455454,0.770124735219802,0.170476599376129,36643.2460753243,0.165853048850293,3.52342464902429,7.00160487409809,0.254609484438774,12964.8795902673
"18",297.80063876673,-2742003.37260754,2742301.17324631,0.519851700655942,23.5698510316808,0.10088444018115,4452.60310517003,0.193079226865398,0.831863644855021,0.468693053341699,0.160575246370398,1279.46018839917,1.81414408894097,0.0740511768983337,130.952251489507,0.288431436971641,4118.44662877732,0.210698133609316,0.300209729157842,20,16.7648722391765,0.443141507893574,7.79705358483107,5.13759352243104,0.223468750195535,0.40564495670892,0.0567076157812025,0.930213718483837,0.0885102358905154,0.238218100654188,0.0486125331765575,0.715337481086244,0.626083117334894,0.608834192997392,26.0808032224085,0.125399435992072,4.69939607154812,44.1215654879091,0.109062557362677,0.778747772995828,0.682394221960154,0.14769022814247,15.5708650925616,0.264066522516596,0.56087284256951,0.195947117851579,31820.5879264392,0.138074379474639,6.00089171730076,5.24799782481187,0.410252787670783,11830.3637879116
"19",2276.53675910549,-1217175.13111688,1219451.66787598,0.128080026655839,40.3770740276957,0.0603408722323073,4317.1782035349,0.527706893619921,0.216563921894338,0.679460551832576,0.362864811070402,1144.68440051659,2.64211728029079,0.160586920915433,130.941023219469,0.225551195530811,3280.33248010078,0.0941850982332408,0.105750013307596,20,21.0315960311633,0.261767721577417,7.55000035050744,5.8298636321504,0.531524685718958,0.581685861509265,0.170130213439202,0.428504376244948,0.965419288062569,0.284151798324078,0.4829104551512,0.335383755530345,0.709779984886428,0.776497209738475,25.3773216602455,0.135336423319484,4.25772434245443,39.4384386044595,0.139435506011291,0.876130508791441,1.07778674014125,0.104207324239205,25.1336006367029,0.218042915944325,0.840837874393897,0.407959186517456,31210.7957020718,0.15214308104891,5.74596019797311,10.3500723596429,0.461628098029418,15379.8729968489
"20",1614.51808017972,-3187848.37563067,3189462.89371085,0.680599078499444,29.9862889039291,0.0469687914823703,4380.14100260055,0.571057474200079,0.880593450907298,0.219605178137778,0.672004984948817,1570.43403089159,3.16184296994779,0.156786032513805,138.846014557798,0.206864799440342,2148.76104856709,0.0901837713946484,0.229946343839896,20,19.73882873217,0.275236729543549,7.13171897013984,8.2760244803842,0.482110382255428,0.854785884796099,0.0704196549850733,0.815537050613134,0.338760819373369,0.166663448186712,0.14943621390006,0.042449076055768,0.435902664648912,0.248562217734132,22.0006183780729,0.102896222559966,3.45217875440734,41.6780728565626,0.0826056481118479,0.85791021422495,1.16131572712229,0.131978052544777,33.5277674883675,0.223126862528057,0.742614327178548,0.384869417907158,17423.6080728049,0.185862069981647,11.4037611083315,4.81858183421465,0.342576117909637,11269.5589268331
"21",23.9052039688817,-907833.920232547,907857.825436516,0.37309592864563,26.8516456292732,0.0548592213666346,5002.73219236504,0.549509565930299,0.707591694044471,0.480541349136431,0.541114165345595,1580.32258577882,3.37622202247513,0.174087097654746,131.416179547711,0.236246242546703,692.55190227993,0.127742878579369,0.177875526266819,20,10.624886040342,0.277352567396191,6.79271947291531,5.48652118800238,0.299477905502826,0.24540294138399,0.120542298771183,0.187490273220004,0.914516637099028,0.550794378097139,0.459849905982938,0.407668911899787,0.585953482034153,0.570949217981938,24.2494200726304,0.187157229928483,4.23471365216305,41.7455730711301,0.124109845087961,0.901280713450622,0.746157618489541,0.159793163461479,27.1843053842745,0.279502289075911,0.768375128189185,0.43620979262353,29482.2744882353,0.19150552013369,4.17931604391106,8.87296487210228,0.419468021811168,9940.8544550994
"22",324.616314899347,-784603.760233761,784928.37654866,0.397995692745136,26.7866739479958,0.0645426915473904,4719.10375380995,0.356170791902747,0.36361314660214,0.394360889465637,0.131221808588149,1443.99083190798,2.61918671271917,0.123365490176472,132.41594642191,0.191113635703662,3569.00974778839,0.103987503027268,0.249733546693908,20,22.8157226038121,0.226209227227578,7.59057128444793,7.74753563075312,0.534176562380864,0.270568541643382,0.103941225224916,0.242247219333664,0.49011671232194,0.61059361115729,0.828424084743298,0.680583383977672,0.474260451530899,0.931623565410057,24.8190200062007,0.123011044368477,5.8482130854249,42.8427123108659,0.0921112544571557,0.844373662298669,0.954377320065083,0.199157220523149,19.5254864448058,0.202764231350547,0.701348478994465,0.30876216650973,19179.6479570983,0.158543849838779,2.25935895975728,3.17571935461926,0.268119678955441,11025.1106120553
"23",392.258236189001,-1691742.85676167,1692135.11499786,0.29980048453869,36.856352759868,0.0758775942465479,4458.66439171255,0.252556543186345,0.606837742439116,0.522549952501951,0.453147247999248,1209.78271014382,3.15304526913423,0.104762585800684,136.933097461329,0.219353210227044,2316.77266502872,0.119006400829161,0.263359174855009,20,26.9596609609921,0.339578197185847,7.689191495507,7.18634216410359,0.46097854061084,0.486494338466283,0.131332520518387,0.117606720319684,0.623020653445611,0.656492469514632,0.227608684091703,0.668644228064993,0.924648955284781,0.340741427052624,20.4718507878646,0.15166873263034,4.10107616881048,40.6645063969476,0.110283749078953,0.820531868496316,1.50351168141568,0.17873765301353,33.4833819827946,0.244818688801022,0.807270937596445,0.178973678095172,27862.2280018415,0.184116476110822,4.07803197305094,7.16232738551201,0.565249574704169,11728.2829623913
"24",194.108866749857,-954300.262802578,954494.371669328,0.151929681573614,25.6006045882891,0.0744112276418673,4286.03183573668,0.235156276555158,0.579326454948952,0.160084129359978,0.575880399457005,1286.1569560107,4.09354385862706,0.156850855570725,146.834283520727,0.13765791578711,3237.91599720264,0.0831619203505827,0.0505228688909458,20,8.57881044829715,0.331695527066862,8.62338469348432,7.52923972783509,0.336095574738831,0.80168059881698,0.113481564734597,0.230449510603129,0.22930848017788,0.498586444086688,0.73671553789543,0.392428014817188,0.292025485297486,0.351952873241979,25.2704843619222,0.162986075558986,5.40325639092361,41.8158619611967,0.116596613343638,0.863116497909262,1.08437623914277,0.118015668032618,23.3181691658477,0.192105635358795,0.928507252432695,0.243734084583429,34477.8141273243,0.136391995977114,4.77793040515389,4.90491918843781,0.400526671550627,6368.38515268871
"25",2594.47416828851,-4313125.96689271,4315720.44106099,0.547716796973396,30.4638127703798,0.0600268431834704,4588.4174747271,0.834502803580516,0.331645293107754,0.68288382791901,0.296187213790817,1407.63885145976,3.0619163799965,0.17936037507207,133.679176362415,0.126489417872922,3146.58979456037,0.0807805784203138,0.13157370318617,20,29.2743364553541,0.430953634826898,7.83600125311982,5.04478195830248,0.539185972056059,0.426294924240289,0.0974796596201238,0.821599119753653,0.76775888554139,0.544091079243449,0.040360477140873,0.373858962494822,0.616724322879718,0.177695371975508,30.4384177371998,0.147018310257428,4.29387962371208,43.2799546305743,0.149403893335183,0.835340301542549,0.906617690195102,0.139741121957521,28.6279477390802,0.266760123663936,0.663534269904806,0.273087672871783,23924.5043359576,0.134713694012846,8.83495862960637,0.186830890416409,0.379410600301981,13984.171711509
"26",638.478180905483,-1765990.49780352,1766628.97598443,0.772519598094048,26.0829044734015,0.0669328311222036,4608.39382282062,0.471852499095481,0.520573286943356,0.630167575197705,0.0641441996833874,1294.81453060903,2.45421411002965,0.144009911680899,120.78755583709,0.182215905597278,3320.38894273851,0.133652630008121,0.0941505381399316,20,14.2030290270985,0.0954909368727118,7.26250394811746,7.36937463039558,0.535946119687819,0.36702906224207,0.109365082735411,0.259595553118717,0.705276407960184,0.668409003364598,0.169609496631454,0.173393488865097,0.445462821392204,0.589567472357069,24.478678392236,0.158659393247893,6.10574399567469,42.2371137967373,0.117182155993294,0.858857403494358,1.62330301517786,0.194726629999577,18.9680467222943,0.257304484142436,1.09110351749809,0.219664724930093,36149.3540721974,0.15721033036816,6.62423112658615,4.15814055936963,0.371641998934648,7934.50266435335
"27",202.264702535027,-3882311.01477359,3882513.27947612,0.659090241067387,24.3680050795522,0.0619317628815908,4420.55538929265,0.368934772062659,0.718577172074485,0.142508473704866,0.0601248418192727,1103.26474402344,3.04320311607846,0.130087326224029,134.941241816982,0.248249292030891,1343.56186489375,0.150865070722274,0.0910999629940742,20,27.8366227967873,0.381415544732115,7.98931977065971,7.1735072666269,0.668599471121995,0.538526900110764,0.0343767022844348,0.16421835790814,0.451356828097974,0.345103047860223,0.946427424590153,0.848875225896813,0.494753534017318,0.469117838364631,24.553563234492,0.149739452850996,3.9438038220318,42.2999492568106,0.11335461084795,0.835696614130992,0.638104692298419,0.170560624096134,29.8583379872985,0.194647126896201,0.792982521828992,0.29700071637105,29105.4813007073,0.104673336459155,4.35623198632939,6.1552792821879,0.445525950340965,11903.233049941
"28",3088.79110512744,-1632018.8574383,1635107.64854343,0.329500786137786,32.9097017276307,0.0552901372980984,5315.27699965928,0.321161216117048,0.339554449392825,0.663464178932238,0.448293955858559,1291.47229628884,3.42929421475027,0.175259153382946,141.192286257587,0.192878754034833,3497.77512904384,0.0882543824755632,0.151720367457979,20,18.557420671542,0.521533440782443,7.8970297155111,3.95551756386608,0.571760057841698,0.409695985362469,0.0607363514810538,0.614632040098062,0.71940227672963,0.510222419458382,0.0525728652672594,0.571476965104679,0.953856457490011,0.692022199054683,27.001600157339,0.170386909705154,4.93564504913102,41.9501071521775,0.128371414520294,0.875865489874683,0.974031628698649,0.18990596251891,29.0079169012589,0.293443392679047,0.857759169415461,0.386465322705029,33215.4993319664,0.186633468953814,5.75531540944741,1.52579545239447,0.34842142719437,14368.9357960953
"29",4846.21881584529,-1552964.28595378,1557810.50476962,0.574499705921916,27.175307542332,0.0578434054281373,4534.79730041111,0.559560395242645,0.705709213391438,0.561122673044183,0.039102954918354,996.389782815408,3.2802903867981,0.114035655047126,124.414613489013,0.241379908936295,1556.91534196271,0.160842902117243,0.209470456626378,20,9.43301339457141,0.406690077628261,8.09275166451665,4.22467745889294,0.855705486646155,0.400142850759985,0.143182561288573,0.871343038285152,0.728320620659229,0.557130972838251,0.505045972996686,0.744926068639631,0.454960117821011,0.284094788581034,18.6224129049018,0.151878822990197,4.26253573344354,44.1061738759933,0.120673266217758,0.827189142136395,0.684801038858379,0.163365313437863,30.9046337687528,0.204974642627591,0.692511001092297,0.382863910597683,22761.7684049516,0.175604435912344,2.99327139051955,3.04878489818955,0.391552391826333,12508.8007989487
"30",425.463175953719,-1612842.59005065,1613268.0532266,0.605071123952766,28.9870450873884,0.0577510167040772,4616.94262484631,0.618598417777596,0.394048600050365,0.00334870466488962,0.140556848440571,1237.98416103153,3.46610489126169,0.113129304707284,127.314584477994,0.211833284087526,2666.6812624481,0.110928902475669,0.066533514996806,20,12.428290740423,0.608038838268741,6.09166373301302,5.69127269958174,0.46975663269559,0.587424502589232,0.128866521858748,0.553883692042252,0.368345962764255,0.466298072533337,0.202780024673721,0.372149326956559,0.609141729600147,0.693912861716194,21.5234339825252,0.124078301439669,5.87579961324537,43.1533434420406,0.129441836115414,0.886356501663516,0.572938785613114,0.21291926258601,29.5450368731834,0.257515810475192,0.64605485424828,0.466393059728027,35176.5327503751,0.160913733914976,8.02335000354857,2.21573785212481,0.31708274885652,22753.6040933245
"31",900.818267040156,-853023.178592245,853923.996859285,0.375790519194193,30.9894149220324,0.0413388040857189,4377.11442590693,0.314765481283924,0.259915360179226,0.243181377826276,0.414628731309711,931.49708277362,2.35754728971043,0.150483987742947,146.588908828049,0.19089945370064,5153.11809881896,0.103915497479973,0.232753082324053,20,22.5534580560551,0.132555849680891,7.16824409281528,5.91048737958567,0.680332058114427,0.239571271056989,0.023987753600417,0.971279478812976,0.846497696877193,0.766055315849488,0.310301852742627,0.461980312635949,0.788514355608794,0.525412602595337,26.8926701065829,0.192306828683837,4.11725192250764,41.5893121628924,0.11832676104038,0.821975447689129,0.91451627699274,0.127766362900439,38.5235241564237,0.238953418234023,0.717180027927123,0.392298510318564,29489.6508060219,0.159410771914432,3.36263467720255,8.50543255943518,0.311608594349207,12909.4424682104
"32",-6.46053343797682,-302181.860007062,302175.399473624,0.77937156222421,29.0522706815057,0.0421192726143708,4140.26175888837,0.0635183743528565,0.58637061625157,0.552547157964062,0.593037240365433,1168.12409316856,2.80492974571787,0.177724310378775,137.213372132872,0.147434646466131,1352.38115631043,0.128741914103841,0.223799691605705,20,22.4493560091971,0.418833914122198,6.14844118909256,6.45601279247437,0.399986789324975,0.421619288061688,0.102464774601167,0.105435077886278,0.234793898020028,0.738008584468566,0.805356105314126,0.635258874481664,0.501443656919998,0.30815463184048,27.9156391454203,0.162113114574929,4.94211202094262,42.9444828936407,0.124941998513424,0.868862014160019,0.99155468111836,0.157797548739099,22.6975043034988,0.231908149245433,0.771835330019032,0.460052039661469,26471.3089807989,0.140119069789499,0.530673425628938,3.60066126426185,0.49509994005916,13323.7610979375
"33",952.619587452796,-1383133.1566637,1384085.77625116,0.917890264901554,22.8228491447187,0.0450302867526191,4806.92227311616,0.158431235043226,0.474909066968278,0.217243817426253,0.434946097944809,1130.03657986264,3.85199781421033,0.142064840887032,147.806593529665,0.273384493059617,315.656316442603,0.0941892415355505,0.180730869028638,20,23.9995303541789,0.251081934437223,8.32255939692948,5.82695953982338,0.442760305720683,0.621382856047166,0.0922483554007069,0.413968437346046,0.257512644256571,0.485005372349968,0.397924791334022,0.37217456572315,0.800795781285477,0.595328774511203,22.286957407834,0.085287522468866,4.98373589159821,44.3312748835332,0.125773826903842,0.829441374772067,0.579567287371949,0.209978832226212,21.1311987191464,0.266854191269363,0.846988483556289,0.188100575357607,27974.5671013829,0.134764406757347,4.30798128869959,0.374419991559789,0.19688540880301,14627.2717692764
"34",162.280087140525,-1133794.00885828,1133956.28894542,0.498170010856596,27.4945341533213,0.0742615173733072,4794.83255470936,0.589429490121114,0.585054925089873,0.197685075954741,0.0555222885110117,1320.62931181801,3.57810246326924,0.146597125934074,132.908759373417,0.175403914168493,2232.62854894273,0.101483997408285,0.157867809561467,20,16.3439545505875,0.261870798184035,8.77973195508026,6.82836189131321,0.679200962498329,0.276715595622755,0.0974030392170932,0.135773097241081,0.354667022438457,0.426282329641642,0.862776224164594,0.500184072184398,0.149405028250698,0.0731434248286779,28.1393727423429,0.147583975238732,4.44923885563483,43.2367667263499,0.136169063347343,0.864725926176144,1.363349715763,0.146888798133493,32.98397215197,0.270862944105546,0.823789859425091,0.465700881279896,30504.6593674719,0.186984634236173,2.9021167294551,11.4512190538266,0.466519226952587,13694.6922420117
"35",54.5556029453638,-874075.921577774,874130.477180719,0.00757252792575508,37.3703998948149,0.0572523701195555,4642.01228037389,0.427144490751374,0.476492375452006,0.287066625364923,0.692025350346685,1070.60759113719,2.73324153570274,0.167605897192138,139.808137935225,0.164402687461565,5885.43256663819,0.163918293919825,0.202014863523562,20,19.4354566483659,0.303945711145489,8.28836684288436,8.46339447810297,0.600011569419691,0.429960428916429,0.0953255695759252,0.0384818448065984,0.113804859927874,0.691282828594091,0.529400863949937,0.637453472217535,0.291651873218929,0.680506534871502,21.6454517644475,0.189596539184918,5.15752823974013,44.7897038158205,0.128311835400932,0.878147686414916,0.481406874125675,0.137516419091008,34.5619678738263,0.238069053637633,0.624258867601534,0.411283498486156,32445.9158563535,0.117253069684452,6.4944675478357,0.965549886165433,0.405996652149754,16524.4453790306
"36",1428.4457675075,-191717.904470997,193146.350238505,0.295610601623913,24.4601884774445,0.0679789716655681,4618.72955633387,0.0756319277351213,0.261517036844581,0.798259362066753,0.517215637641294,1155.88368983045,2.37982412835127,0.18054157298471,126.841870822028,0.283250462100403,1266.27896706493,0.12582359969329,0.240503883674687,20,21.2380079213492,0.412011549170419,6.89119078579894,5.15786040971478,0.566933028679841,0.450433935431687,0.106514215810761,0.324158116847017,0.616052429861096,0.884426958661992,0.512654534599275,0.816317629753531,0.217934796228534,0.17567413236629,19.8810024017697,0.0682667159244805,4.95814935613216,41.4123799291114,0.107327360024697,0.86157377608208,0.995807402956679,0.187541336380797,26.4364101902961,0.260902631708798,0.768284721839914,0.343919286415334,33287.3245314436,0.202391544717425,0.258046958503758,2.42782079650337,0.438058156568752,11736.2955817182
"37",670.40097836931,-706817.647987377,707488.048965747,0.139626266461568,30.7651576371872,0.0459405256697361,4673.23731771854,0.35495713131549,0.500204424405218,0.46128428592403,0.19366040268342,1281.22989901725,3.37553259861293,0.125264754545955,131.612345481996,0.0416745157715377,1815.88541695775,0.167319504746059,0.234838051255117,20,16.3429268088321,0.448059518353548,7.22078797712467,7.24723364422353,0.494137990757555,0.271259612990178,0.114748773883528,0.310516150876385,0.526386668133854,0.364655806214849,0.0859606737529411,0.407345532541352,0.637452480214222,0.394371028103417,24.138400186354,0.17198292260239,5.81081643514832,43.6780681722304,0.127104799151011,0.872099403026585,1.40315971421942,0.112411603953122,26.5377569411742,0.248934674927547,0.641975535279534,0.334148050479621,33450.8847090422,0.222157850713307,4.14655289365527,4.34559381554475,0.414440384264376,16643.79335843
"38",783.225718439539,-2358658.02173797,2359441.24745641,0.469278006417596,14.2190519075626,0.0751864258562936,4537.52116255562,0.145116420005874,0.665510806004714,0.382834114760869,0.696198648148694,826.006346964782,2.64911988507858,0.152259178448571,132.770459587578,0.239159768833838,4959.82051241313,0.112378261953681,0.0905134883568041,20,27.7961487956331,0.150753433584874,7.8770470778254,4.99129002355745,0.543539241049223,0.523419011430522,0.135278867302979,0.201151218870603,0.461593129160765,0.815019024139556,0.273596347855676,0.137080303317757,0.826099648171567,0.27530056085265,24.324000672753,0.134487589129451,5.80368043940402,42.2711871671456,0.138488612796642,0.849498248631689,1.2251707136695,0.167064451554835,27.9960986296844,0.253742652857815,0.737376665553093,0.481591170710371,28215.8644056622,0.181306805371399,4.24686786041482,6.80178714724936,0.278787927134777,20460.3584264207
"39",80.6767589551821,-2814862.8670614,2814943.54382036,0.335900059800768,38.8855329462971,0.0589513304046641,4478.09892601672,0.322151037582762,0.846469465511424,0.0916732135762335,0.0877410523705364,1328.16705110127,3.62464750273811,0.13397309125452,126.82523131042,0.21863435520841,2193.28357329854,0.152925263717256,0.138121688337738,20,19.5502169263315,0.407846980570984,7.17024070910007,6.66519239476405,0.209511460127069,0.356058226275382,0.0456700886402676,0.980070026151598,0.132514921698035,0.850803190792315,0.934035527129817,0.634387637249142,0.627070439481694,0.991758483909427,26.6220664557602,0.133511151339584,4.32935342646891,42.5571125843726,0.119145456523022,0.862055720664525,1.20713726680759,0.187493258093509,35.8823765925362,0.260725593315504,0.829657235585384,0.365926448400424,27205.5395031462,0.122979591746944,10.7356900285394,13.0046332499013,0.647619107689859,14744.4850539877
"40",388.856484564023,-1727928.76288915,1728317.61937371,0.64439439126408,28.7457504530777,0.0762633456829339,4934.35424077887,0.820509077742859,0.554814583358365,0.995774139013711,0.452424905713458,1006.86844389069,2.98622291921006,0.165326411555114,135.963224092185,0.21586062648526,4139.05961893094,0.117430933593356,0.108730700198574,20,9.93194850384573,0.211282682537152,8.30981755196909,9.03976974337586,0.183469884453571,0.558343326968573,0.0626867785352959,0.290973344493715,0.349172818305264,0.229809444943994,0.518316250954615,0.165039846393135,0.481532355278023,0.940460132149921,23.5163702467055,0.212521544127254,3.73705630283054,43.6316449882137,0.157736101250961,0.840825652707599,1.16740930130507,0.154242973118939,31.0292603214504,0.273149227920325,0.988807701168517,0.185181609556659,29712.7791549485,0.214038378773291,5.40733704710845,5.59352616117876,0.492777362144372,9880.64682381384
"41",3207.13827901525,-2337770.16127377,2340977.29955279,0.701848706858059,28.531170614736,0.0712042272588709,4448.14078413062,0.393290390442238,0.864311289302899,0.647610445347498,0.365103198581619,1155.11677622573,3.64946650951674,0.216183653313229,148.298013123924,0.204156075044135,2843.95378999083,0.129605341540486,0.0263194943782502,20,10.0364056126195,0.284568045647271,8.18105678911316,6.71529440929776,0.505557120568327,0.603601973482717,0.122463233851175,0.48460343830743,0.503134235289957,0.785694217058519,0.441247122483003,0.456400777993778,0.5939528509359,0.648053826805981,21.7882170349824,0.160606051762448,4.92829887764055,42.6813636772326,0.144347362014262,0.88262228409058,0.758311781848941,0.110245378511681,27.5301348247893,0.2143773260651,0.693033561943943,0.412946325571645,40170.1964853247,0.12618556601046,6.35070900302822,6.55835368861863,0.380895682031186,16477.7082634822
"42",1342.27605123551,-1130618.82259145,1131961.09864268,0.516207108937609,34.2519745862895,0.0421395345133414,4107.49269663318,0.495846036871541,0.42592881173842,0.642754599789901,0.14403149897881,1155.43678391809,4.15054356514883,0.127906485811967,147.130170536202,0.254844959990848,3474.04182150277,0.220901579280722,0.181948916835261,20,16.7762839303286,0.250844791750705,6.99482819320869,6.28109800205143,0.46356855654313,0.162417460564986,0.125826094274939,0.894222003556815,0.670214224511989,0.809549954145953,0.442302123498543,0.455172750094025,0.0993910979896928,0.370382951895746,23.4042790577659,0.120812913285907,4.80736841170102,40.5750645225794,0.13525808264324,0.826608271410102,1.28326732225268,0.149526500335237,20.8093442070487,0.272171921818581,1.02892765191808,0.196715178261574,24854.2876633345,0.156944388289874,4.6539791552796,2.07567952399125,0.425101740599681,8653.8175778364
"43",433.124325846893,-1223871.95759877,1224305.08192462,0.338445611140752,25.7340623900239,0.0470772851934675,4159.61301919203,0.74587131522863,0.0419435555132453,0.573254648000963,0.581839111004124,1092.90194771442,1.9170301402879,0.156345532544602,138.521719640388,0.313864420789528,2765.36391971051,0.223852630008816,0.263893144759942,20,14.9683534170477,0.174388566834954,8.45491183374854,4.41888209460698,0.340766749891977,0.337575364403269,0.0938123257437377,0.621716438676505,0.618523866633765,0.284907005506812,0.0844197326219425,0.522272563932425,0.609201335353254,0.132813617630667,35.4603843312605,0.123483174965971,4.70171814568252,43.9743954134553,0.123648666198618,0.85144697366257,1.58944748266708,0.198435841528067,31.2027176531603,0.197235966170729,0.794979083293662,0.340888026380255,39032.6927975238,0.137222525876621,4.15261047458829,4.82265695490579,0.506518065486866,13158.8815306088
"44",342.982857183067,-1015427.39122623,1015770.37408341,0.256783509284507,40.5423211751139,0.0913905845057089,4923.06977308665,0.267252999035772,0.556700931523332,0.0501285218498972,0.132383730519458,1477.50035357407,3.52717097839234,0.149097222293729,136.778913930383,0.315164366136311,3328.77573335559,0.120045483285842,0.206100510222365,20,28.4201062276922,0.380577409816802,7.99738260405052,4.61017405949926,0.300422783962712,0.469463171719531,0.149825750964345,0.88505238876999,0.991832363060593,0.346404040965832,0.0279889465069608,0.499754847233707,0.380554483137919,0.660754260674979,29.9328518683665,0.18349857391088,4.94160115664804,44.1220330272581,0.118030026545444,0.828595005170229,0.623617995851213,0.128555455686482,33.7016185837613,0.259990302566489,0.704767069122284,0.187337404299318,29446.3437264693,0.138826332956473,2.40466770436004,5.87176163501498,0.482903881395098,6331.98894752589
"45",8216.49915614091,-976805.145971502,985021.645127643,0.879055458083683,29.5659740334917,0.0671196682262434,4482.18063470036,0.25652880761032,0.00274967433233381,0.551881960494521,0.853845572448384,886.450814964227,3.45397254461394,0.126242481895817,144.247667285662,0.142845418901918,5998.26486981245,0.145060170545574,0.181392240330338,20,9.79471497348661,0.387956477511332,6.45711270682563,7.09227335266958,0.856971828044743,0.67825369682629,0.0851866049484691,0.73868604686826,0.29204461922418,0.8322919651442,0.468826957180574,0.699757904921907,0.22831092233896,0.703744627859981,28.6332568421223,0.131411428968206,4.13310138587039,42.5962414502714,0.122565458585546,0.898208398395493,0.753506641915691,0.123263646402895,29.6608047593468,0.241212279313314,0.746624642802713,0.453739552720159,37202.291156362,0.164299678625667,4.29001892030931,4.03055047503279,0.0855746580408174,6996.41000410793
"46",281.73199175901,-2335160.45145304,2335442.1834448,0.677521147377521,38.1998794447267,0.0473392649754127,4728.85343083243,0.592962077564179,0.528571630411833,0.364387237335285,0.495793013657264,1276.08327239276,2.57860508103238,0.192500696739655,127.380954877397,0.30230731236232,2201.08557339742,0.0760892723109705,0.193129584696943,20,21.6089159057736,0.340363502060156,7.90079525527575,6.47738355514274,0.44660179795743,0.208709557766818,0.136394446066617,0.385859046233453,0.516263234185774,0.562058544161215,0.0982142912583733,0.103651637139505,0.482702284311807,0.666502085964182,25.8098385806219,0.143671230158481,4.47892232330558,43.7323663038651,0.143845567464856,0.842821453632193,0.886840945684798,0.160003863289663,33.6002870080613,0.232654539230088,0.93653376665009,0.383180234494629,45023.819164298,0.160372427980903,10.6174187191386,2.01275161362138,0.533227401551307,13886.3711398914
"47",-25.3412406206767,-5930386.47616289,5930361.13492227,0.783073947353533,32.9885726288326,0.072966507110929,4331.85340558158,0.920494050018737,0.582799651543859,0.196556234936105,0.51080074084331,1494.82533360007,2.61981450215853,0.175279434332468,145.296448695433,0.180002585598154,3152.79154752146,0.219451929812205,0.24259000254176,20,26.0328984370621,0.372397904108475,7.28547557995075,6.52033893069313,0.237543330964627,0.21276881971086,0.0821294645695288,0.553134069609656,0.982250125450699,0.242081497797435,0.531516012012932,0.706351515538284,0.856050619174382,0.514542756867875,24.1374236132951,0.156455512213928,4.88694143873708,43.9303597194029,0.121098747700819,0.901318755271191,0.985449170959601,0.131471239587703,28.539764891096,0.260150682146021,0.791963268407776,0.369233249189436,33432.5352795895,0.133124961890341,1.85181686280705,4.27673274808219,0.381269012978747,11362.6998272737
"48",372.686471343714,-1009922.0154781,1010294.70194944,0.56174668095947,32.7994693367772,0.0821228160780885,4145.56046389995,0.373052871026449,0.357769371791231,0.586987569250281,0.383702014828959,1135.32122407919,2.62639371038309,0.193612095895227,128.005666383492,0.122475271900046,5344.70295756121,0.162101302388633,0.238549512183843,20,18.0855982881738,0.276390999454454,6.80198495634358,5.62759218011159,0.183128877083711,0.623093794547147,0.119352080968549,0.381637606651463,0.546283081652215,0.600676604610265,0.456376160833956,0.981076063917662,0.233820870954347,0.578999443952525,29.9736064509948,0.132577892623388,4.6908974225522,40.3400018953437,0.125648807921749,0.87199709105301,0.788209363201237,0.124751981166144,24.0522059499813,0.214734107697152,0.894777769082092,0.412120611442392,27772.059750028,0.127693351541498,1.41544601780378,2.45752290059974,0.340587894663824,10428.4315876743
"49",432.530826499965,-685831.646010643,686264.176837143,0.42671679456223,26.1189775244055,0.0509187977463116,4627.44814141936,0.0601907133436518,0.848003429720277,0.00860827887859084,0.418388224964625,1239.8366515434,3.17404027303129,0.169175493309524,139.100253951137,0.210309629763609,3278.60761099511,0.152324090500921,0.265964331224043,20,31.2415759375006,0.386943766586874,8.32484053088036,7.08099286987481,0.484536144799501,0.436119898734696,0.0622786722597652,0.87662482608863,0.173346753005933,0.638317946483085,0.36467933450308,0.872799627518324,0.805745080889116,0.638388998234675,29.4524966517706,0.198931471592761,4.53108900211764,43.7608758968087,0.107432952522459,0.968551817625004,0.549423077678097,0.123219276373996,26.2448726399741,0.25985355515638,0.949549055269587,0.313743947340917,28477.7545254161,0.143209936261871,0.472771404513495,6.10271530453154,0.410963673360959,7089.84171729868
"50",1434.35163512296,-2599554.77558653,2600989.12722166,0.325236573013186,36.1210528819473,0.0846183208452851,4631.75892629951,0.478454820620551,0.566539268202145,0.553240731837899,0.413935774162361,1083.24703525125,2.51721314829615,0.143547241501494,150.279879307394,0.238864782777596,4966.57908066287,0.119753200458841,0.278432505117218,20,16.2989472337491,0.338944694188504,8.23125084415118,5.33453183749737,0.411313400105214,0.535595112021223,0.0840438660373151,0.748240705019885,0.426833714234356,0.459211398037679,0.242328795554666,0.614880469145632,0.659358545000457,0.455040849577849,27.8351394706478,0.151591290291356,5.753956400784,45.5995686025039,0.120610361487329,0.821117765310777,1.13114289610935,0.155204374645397,38.8221954820424,0.233959654718486,0.524948885102894,0.220028978261771,35765.7602391474,0.155641351855418,6.55552548230276,11.1217674893943,0.442131023445238,18226.0941184557
"51",12058.4421114856,-6386226.54000916,6398284.98212065,0.791746801140258,32.2692987802371,0.0364030083214544,4572.09533497233,0.639655183432659,0.528943296862071,0.848857952521115,0.382866945637261,1430.92828194619,3.58831268707308,0.127964253995067,125.890824664396,0.244083614887656,4192.89672857069,0.129418926703085,0.161955339581599,20,30.7086210750877,0.248751247270534,8.70787285798978,5.8530008405916,0.75187488213544,0.622630107300751,0.0611448396495175,0.926728849862831,0.953049460215197,0.637289522696019,0.648371640349115,0.894299224830129,0.532844824541687,0.625580662250013,25.5554795980624,0.149687520528276,5.16594354077886,42.3622954923871,0.12052252506274,0.880028203962203,1.1681299088065,0.156789462761694,25.4209617602467,0.281283747491283,0.897248410578691,0.495122032462785,27954.7678243831,0.157509221432678,0.574055708993224,4.93090732175088,0.597885725493826,8282.34147526933
"52",7724.35492013403,-3319599.20450567,3327323.5594258,0.418477785371331,35.376165104708,0.0758997131958565,5000.07212908097,0.314580457106622,0.665330199295898,0.687147398630193,0.389542211285338,1469.56836119083,3.29712047333207,0.124940653894564,145.44635457426,0.207645723397774,4671.1993377826,0.0153862300234208,0.207211631144249,20,27.0439423056011,0.579489549913111,8.20745941904432,7.19893819746661,0.77647379133663,0.570424218012504,0.128226605650079,0.959402325126976,0.324994699792256,0.398428742968772,0.504469669813868,0.471420448778899,0.978388960763387,0.0609590948126381,25.8774520787351,0.186435410836741,5.29592197666608,42.3119681280681,0.125825380320431,0.872289807667056,0.980929289448374,0.159102448763793,32.7849666414175,0.244478668710217,0.690572740373058,0.419825396046666,15468.324936982,0.135644177971347,4.41812471092485,2.79619871628774,0.206731823151774,15259.1664277906
"53",2451.53974340501,-863091.168937002,865542.708680407,0.159652512863161,30.0797966294764,0.0415344352371279,4552.58081561042,0.836124551510604,0.840115658154395,0.330279954226196,0.902147968549989,1245.84967356474,2.67837340420315,0.180197469405299,143.623566226174,0.226305614913683,2155.84206916576,0.208063273898491,0.0479784075488633,20,16.1630876166162,0.453063560081073,6.52744768167156,7.06807909806688,0.565946752163578,0.612077011709051,0.122377252057542,0.829466114008462,0.257538146611455,0.594563105906873,0.418334160908221,0.194364896650533,0.542798310106523,0.313955707671161,20.8071964729345,0.0973328579955458,4.2315665327116,43.5503002632682,0.113858303856824,0.862740151708079,0.978894680982776,0.187590822742095,16.8250755221049,0.268739397467989,0.868053383504024,0.432578615120414,28430.8034794027,0.117184741112414,5.84888062562987,5.9649522325821,0.183290631032535,5703.90386229555
"54",3586.9628405484,-2619334.01803955,2622920.9808801,0.180763761282287,39.5882840536171,0.0719977766082729,4520.02405007572,0.911413504672678,0.240748815376125,0.44454185042116,0.101432249286448,1277.22489257163,3.13363498071496,0.135722632078211,132.051715308309,0.210417130175173,2053.49797162037,0.175996549230462,0.226118679929084,20,26.9705886964475,0.302248122928676,7.62191932617072,6.51700817711316,0.655486478599024,0.53933951984332,0.110318871442145,0.692137706985057,0.737311793956318,0.0159858216530261,0.259411367455841,0.398931601814404,0.219494543033592,0.192463122184417,25.9450338633959,0.154980003215523,5.0749620780982,44.7839527308924,0.0848551214299876,0.805439979515705,0.741291622155063,0.151820594934609,40.8385296130647,0.266522198136025,0.605510413272629,0.372967331899566,29286.2369576385,0.150232300665949,10.40016633149,6.40984419897962,0.287333901294823,21105.4144053979
"55",358.339174672905,-3562818.33375254,3563176.67292722,0.778953961971226,31.5637945649861,0.0398531877649629,4112.67305394342,0.695506531405521,0.914749588632863,0.435212865248688,0.56451070100531,1407.03925365936,2.79932580824054,0.150838324363497,128.878255859442,0.16105131176466,1853.12794359766,0.166550358811263,0.219387571849355,20,14.3709072433628,0.26674794450177,7.13053574202905,7.25788667542404,0.434672208431635,0.554403127937544,0.143992953970985,0.229543425789452,0.456776521128773,0.779770440712813,0.452020989679245,0.631902389029268,0.615313809234003,0.193933316008715,25.9928836809245,0.163332952528958,4.71444196090263,40.1040517859803,0.100668913073467,0.833472808270344,1.02008213680098,0.146113553006482,26.9865393644334,0.265254767785226,0.803973434432661,0.368566576350275,26963.0044005201,0.159865418323719,9.22030211479826,7.07592430296638,0.468080374330616,19883.6259727489
"56",902.169540178831,-1283024.46171224,1283926.63125242,0.220076733962238,15.0669473876717,0.0361878357817575,4536.90451548547,0.481373814541234,0.209408818000176,0.291859306041919,0.871168098412267,972.589920154207,3.96606760976806,0.164158027832972,130.831624047549,0.360569598553139,3262.60782171678,0.110021230740673,0.40852768775472,20,11.3830834429203,0.196803239641051,7.28826577859803,5.54620099526446,0.453618512967367,0.620277986941573,0.169164507163578,0.325860854071166,0.189646932460031,0.908297134705496,0.310596579748461,0.479761378066198,0.599673374036189,0.830903505290732,24.3243954740697,0.199291674425306,5.41128799747086,42.1913703205469,0.140525796891083,0.858723840128949,1.72587872247219,0.133643779522405,40.0233388731814,0.244049855542617,0.708307228005533,0.20844966001365,22363.0914771813,0.135504632819106,6.81256105273917,8.70024848584253,0.258136052568309,10370.50445937
"57",55.6520098246029,-1310435.62109471,1310491.27310454,0.195738408780425,34.9066856189385,0.0632103035294738,5041.94149745655,0.900691308641547,0.210324355442002,0.177095349730757,0.424379145835109,842.905059118538,3.32055476146678,0.129946709669669,131.750434131797,0.257734724357221,5474.28158967943,0.130229126470614,0.0164331705171628,20,8.07461942564455,0.381459114649341,8.59179631455057,3.48741057373121,0.294326015832755,0.431965099745338,0.108143900229763,0.125953872611457,0.491771313247837,0.630864036710827,0.388543848947974,0.505325086319643,0.181058965550809,0.580533085170054,24.0813663618222,0.130047631095658,5.92846865785734,40.1798950702822,0.121322943200866,0.846158637891253,1.20586183330871,0.104233569836302,39.8689775087632,0.259917790130838,0.549355058352054,0.424558071318366,28075.9649986651,0.182548107797376,7.91622958358566,5.86337638825358,0.575490329815103,17582.8813242932
"58",893.308512798284,-2305792.75213328,2306686.06064608,0.273508097003831,32.5672338779148,0.0624789736516698,4560.33965959751,0.215319695499116,0.247725838467819,0.268702878675432,0.416793901410112,1193.2285533074,3.81882367539611,0.19716292956582,134.637054272154,0.258335512412786,3111.30991750113,0.189679798558414,0.325329688417418,20,16.4708743651302,0.385252167217434,6.08363768678872,7.09407348673061,0.329051826281401,0.519901199841836,0.108740249479276,0.406300122873173,0.494983956353537,0.666567127479323,0.14143494389466,0.521472266197759,0.135752640645068,0.916278503874441,27.0383673042404,0.0999949455227331,4.53707715242048,41.5534187575679,0.131545320909471,0.817242904669476,0.606999308381659,0.153233078247033,24.573110594698,0.334146049775225,0.688622042573765,0.287443979740391,31987.0526623842,0.11364246954546,11.5764021311037,9.5215136756697,0.394189576653396,19236.252239929
"59",594.896600163854,-1160659.12173778,1161254.01833795,0.491546971888373,24.6798808073146,0.0821920944263329,4864.90081910868,0.398596006960001,0.497918620095643,0.807876859940065,0.779756315124714,1208.95638438475,3.70173838935179,0.155934979960658,130.010645182977,0.214037645062604,2619.83369351215,0.145451365151101,0.0899791292189976,20,19.8702710175845,0.205023184991502,7.61602168913807,7.9227887919818,0.336931811743973,0.365364119501548,0.158393141734355,0.332029721373777,0.176496005635893,0.273535630689619,0.728374552076727,0.406326118082454,0.101583803539045,0.727955277846761,28.9341006407442,0.138893791000954,4.98572115294106,43.6058492406584,0.137011136632642,0.867026418231952,0.827165089951436,0.174478510715214,32.6371598985554,0.252867132800095,0.466378948879648,0.289288837003545,35697.215603806,0.18807135836375,3.20372582963133,5.23802612047651,0.433298723946618,6612.0039430843
"60",48.5020767067349,-1319859.86531135,1319908.36738806,0.584253379122606,34.8501653750052,0.0591440049573095,4896.55870764353,0.451688460636917,0.0917745593765205,0.101182620078187,0.392029668016534,1067.83016132053,2.53661894289594,0.161851262024892,156.164889485292,0.246534413338676,2847.97521918301,0.0884587963134144,0.184271011485884,20,9.52600546969764,0.371608593460467,7.39105410026982,8.27236125876982,0.684950215047102,0.438582505209056,0.0565769708930939,0.124044400288486,0.499500449485757,0.456425318800953,0.729836663894072,0.855622056885709,0.718118501944623,0.268499404848363,24.2094866236905,0.122513290300748,4.91996435764697,40.5040617310636,0.117353564568159,0.866291761003089,1.40213621786352,0.146607697580516,22.5601940602797,0.235380751252507,0.942800461098483,0.451681528857365,31508.7049535928,0.142235393135326,6.51856618298942,7.32672714950451,0.420058408937967,14453.1663706987
"61",2744.57777677776,-2584902.33158236,2587646.90935914,0.963347022343301,24.6318642435778,0.0219683048548592,4651.77590132131,0.833639563324729,0.766266098463847,0.365032848878666,0.351824497426759,860.23175338943,4.03248707727457,0.0781403430009075,142.869899381156,0.183816338202651,1901.95354317966,0.147755099027003,0.177823300387056,20,21.8551859569429,0.328093518795134,7.04187999703269,5.33617825104571,0.412738335107912,0.613149331312736,0.123811880582512,0.519439394180434,0.531534435752783,0.251022625771465,0.49491422007005,0.479742175790476,0.43056931192034,0.518204089842045,26.3077608217503,0.148016756294948,5.37149144598547,44.4186758147756,0.132863213015514,0.853768885382012,1.21720214612989,0.115821033934081,26.4443799841359,0.26772557214656,0.683065700890617,0.426548525993568,35970.3473648455,0.173962839212149,3.78921558776282,1.67998317448977,0.506004535509124,20534.9365283126
"62",213.83565656137,-1203249.71234082,1203463.54799738,0.331686280419078,36.3846979233582,0.0974394418301299,4564.34738697156,0.176179462603562,0.571978737500936,0.276700094053312,0.873478296594761,1224.1204227786,3.50869930769175,0.234796454542451,127.603943171856,0.152351082796489,4261.59784119319,0.15444453177269,0.0412682728111158,20,18.4687381928968,0.346761156200397,6.4286782850918,5.73872499441313,0.326577937659464,0.396526330597114,0.083055240297647,0.223458814944812,0.235685037913262,0.662055990493414,0.201700770688489,0.931853914273779,0.00150967462522489,0.452318164779272,22.0112108033715,0.136129488223775,5.14773828968099,40.3332764530685,0.0964623630644389,0.815686484896772,0.583543778672649,0.144296128918259,36.9776084412426,0.266628482046142,0.745347657889309,0.185785651616215,31402.7022458917,0.15423747108321,6.36501885579146,4.98208128231141,0.527123786336038,18863.7578175484
"63",44.975017563739,-2491923.58704485,2491968.56206241,0.275035109359231,20.9837997937317,0.0518648490163804,4775.38456902277,0.710184909496612,0.592359359326421,0.733018105210517,0.495921978738406,1411.62367725298,3.5504347223672,0.16234999313836,128.086332700801,0.163158096595116,2034.51809207417,0.118995464849747,0.214173204282826,20,19.6653799310451,0.299618138900118,6.33649583880916,6.89540490040627,0.203460711363664,0.132108488649113,0.0632354406386295,0.435231881025746,0.354328761210691,0.76198955968507,0.62360893932822,0.727991767875764,0.889719356506421,0.345029410896316,29.9861046795776,0.146640181442962,4.24854221578737,41.25184009353,0.14407320099603,0.818068882265784,1.52725750973431,0.152602973010652,22.7232128084009,0.280490171529395,0.905109386305859,0.271510452957037,25876.8904405246,0.136291444846686,6.97667672602715,7.54952704126672,0.458990040279607,8117.19633492881
"64",-16.265341760393,-6066278.89221058,6066262.62686882,0.673839542162876,39.0004569961816,0.0549313470989785,4185.20407987019,0.885909403513236,0.852134495741522,0.108256807450741,0.852564106586807,1385.63190383377,3.22961682592054,0.0990652348153952,131.864613599158,0.221153223055271,2402.57477769907,0.0975093010817806,0.226985657365734,20,22.768783971499,0.473865074971551,7.42557001543039,6.45666162657411,0.28261825828346,0.344057277057454,0.10768892571564,0.184611158874645,0.376943249777167,0.383538290061977,0.421280072666647,0.588256349002888,0.935228706317954,0.237537631238735,22.9209818132028,0.111776295103255,4.58042437233641,43.088346885333,0.131446343264793,0.880910285088822,0.613897348074349,0.176905059709469,41.5687993348723,0.285449457966071,0.310159254722351,0.23087753150781,27726.7469821395,0.186130083958636,4.93133641029354,4.21833451573886,0.504538727222211,15819.3453403109
"65",1354.61767593722,-2170708.0789053,2172062.69658124,0.576920891411576,25.901433720795,0.0555960842333015,4676.93213727805,0.320681991423586,0.513368935570423,0.685696109301801,0.625711918417244,1357.57492109542,3.40892874650822,0.140271882234211,150.692901619154,0.166835381494574,2249.91919311175,0.143485416771281,0.122921394827298,20,21.9199839325361,0.28920194474834,7.28941293192824,5.77235216068163,0.593688789051452,0.127482032510557,0.108270538271101,0.773280622820583,0.512378624891398,0.760251326804224,0.491216803467921,0.096261299222261,0.783484218617837,0.664165509818984,32.8502430557999,0.124026948386833,5.75473051422193,40.5536527109242,0.122036056903678,0.884338613521968,0.479650440218324,0.0990647913183847,23.8567335209463,0.241929029499344,0.966527891298038,0.105308632592941,29559.4073447166,0.177485110882419,5.16110496248334,8.20264164413272,0.588522875702491,10131.2964363316
"66",183.840251455617,-2895806.23330134,2895990.07355279,0.64229583631768,39.1934818721708,0.0752986534557608,4605.29638489179,0.788377829093413,0.183866027747412,0.273239220705146,0.380668291582087,1142.73355363045,2.92531867482909,0.114049606266744,136.353650809627,0.173818155925085,3090.31299447083,0.0974258998542605,0.194416873134261,20,20.6904047233935,0.158278913513446,6.85254379299955,6.03540685138048,0.414435668166068,0.360377720232131,0.105602525285783,0.125093100003356,0.251654366095314,0.302648718935986,0.873786831213243,0.121263902738143,0.169498570277667,0.74764180194525,29.6615922380477,0.0996870426934959,4.81647972213133,42.4389674169621,0.106456310727564,0.816350792083396,0.838670907495069,0.223411424970849,39.8091696104027,0.249100606101191,0.726554979927516,0.23401028414204,27367.1369964581,0.154101088722292,10.9812718571442,1.86477477062684,0.372235702828801,8723.81955417936
"67",487.881467274644,-2467865.40901047,2468353.29047774,0.312362616214094,23.8449351231081,0.064545670815828,4597.10915006263,0.327777907410862,0.751822258044777,0.672311204110149,0.448930935307108,1497.27576718383,3.25713590850799,0.0898523105334155,127.186261033433,0.243815234035531,2360.26625064129,0.126198977551027,0.0564888335624249,20,16.8330681671795,0.313310219681189,6.51465019348039,4.23028842122631,0.655066153095489,0.734812378843099,0.145922932017406,0.118930467094251,0.277861000810891,0.2773319876954,0.528372817932165,0.488195909610501,0.545576087858763,0.56725169089217,28.8096099069557,0.129393855378394,5.05822831739218,43.7470250749079,0.144183756035339,0.898007688299741,1.16585693329097,0.130198975096022,34.1164702874548,0.321549008514589,0.737120012443319,0.348613853269479,24184.2498906337,0.173431204898603,8.921207592625,9.98632740687465,0.146613387417908,13337.9084639689
"68",2601.89835603331,-1197560.8373696,1200162.73572563,0.676299940761737,27.7984959423002,0.0473843805513133,5056.97133186389,0.107381284979506,0.543568137525117,0.673207235022778,0.451988152507393,1134.09557765068,2.27535932210983,0.115128355387903,159.617287635379,0.308976132457745,3204.7140828646,0.159551427443093,0.0237110575918958,20,22.5660576493609,0.443087946106392,7.25753763043689,6.40369470008632,0.661107761921383,0.346586490171254,0.0926681258178918,0.622347313586727,0.388158996261677,0.728874824679276,0.447741729595453,0.737907321198826,0.499874654538312,0.524627360796721,24.4087153404698,0.154979779024071,4.6344485509886,42.6412260759274,0.111405116640009,0.845721785895594,1.33892982641469,0.113020742055864,27.7230038547183,0.262114202488022,1.10999628991482,0.428417294521647,39883.9433711467,0.136156507947304,3.74036997851065,6.89808545235049,0.550811429129131,9614.17487542316
"69",643.37364411335,-3187438.9334959,3188082.30714001,0.694526040144371,27.8685183785835,0.0753577559327597,4285.02485523833,0.877648227732129,0.57525256154448,0.219481614214818,0.98644381118529,913.943811688292,2.20060704097409,0.171138147446148,127.160356245966,0.216038053362679,3334.63937336217,0.121631262851504,0.172038795282498,20,11.3996433017981,0.394288682305468,5.61937062636966,5.8619643394513,0.508451099361574,0.418730834732181,0.0955598343820845,0.788272630707232,0.861727555895947,0.540850209664166,0.755942138799374,0.69885949404669,0.438271295939238,0.484297032066944,27.3407513138077,0.177383476361733,4.29717742420298,42.8772354430413,0.118630884410502,0.819839734339605,1.11702749392616,0.172433883104366,35.5515437687994,0.30780466197187,0.944849228784417,0.17469879198151,37442.4620252496,0.149720326861276,7.38077950452205,5.93574189552283,0.116642350323467,8623.75505388799
"70",173.212618925448,-4350201.36315294,4350374.57577187,0.771405957251357,36.5624885492874,0.0682320867763762,4381.47858720761,0.472858049894441,0.694288012206638,0.68810983507634,0.489182789460928,1137.93696471744,2.75680046754875,0.154359418533172,147.30070024705,0.244382366464245,3118.01027731833,0.131740475243859,0.243600664344618,20,17.0943924443015,0.443534382111585,6.30818801488518,6.80889024442764,0.235896098778596,0.0800284194524269,0.105385056323496,0.677651953986458,0.40970677595218,0.815036784179892,0.0540727127744791,0.531809882039685,0.703689067680868,0.818632253430645,26.6316938873845,0.112586382235175,4.33461800093749,41.1554139950187,0.0958698327470172,0.83940848038511,1.23571031161618,0.135468671920559,33.4175764581192,0.222055166639087,0.585668544525095,0.284033091080114,31221.3918281506,0.150475956199643,8.95559991022114,0.368016013561694,0.314147131333514,12591.290295999
"71",1500.16618502293,-874565.772952926,876065.939137949,0.549304445307942,28.5769531026784,0.102812034160309,4473.38259850262,0.117665323468962,0.0988501267086344,0.205201030834423,0.318060875576386,1461.7903828258,2.55877371517997,0.166329687387086,133.968672287727,0.237750668503933,6349.23137562385,0.0588768869952773,0.202417802399877,20,27.6799419220424,0.0053886477512573,7.55098456837032,5.23039368640739,0.613981177031182,0.596602166955345,0.105323124777414,0.63159692485287,0.263418059185926,0.582865435856419,0.233887296806917,0.547982328504472,0.386192990009899,0.444120532163148,23.9140327180854,0.138727786353894,4.03243622406638,45.2852422159979,0.148215365166919,0.84722567337429,0.916496274111085,0.174701554861692,35.0179335204212,0.240730511568564,0.987376362665939,0.518555686806418,23998.7481248035,0.14875941898359,4.00268940208016,7.00081565642347,0.41183611267637,15406.047988315
"72",717.150530785628,-1358897.87690662,1359615.0274374,0.497138133745222,29.1589379088787,0.0485502741752197,4175.84082231751,0.441704845124852,0.0283047270238501,0.643251295138678,0.344614308897163,1319.14715208067,1.59397934995396,0.139023589404861,128.644631948976,0.183145793456277,4765.00597572536,0.136692333524007,0.127834794801387,20,22.897225183214,0.485410234162924,7.13329292583743,7.52126684750476,0.534060262591548,0.502064035547776,0.103440211570347,0.325173507469957,0.236199560164019,0.447492438853685,0.294857891410538,0.200955123061517,0.494217564973317,0.419352966150751,25.1696636382956,0.144947375528635,4.85501925380764,42.6488662729379,0.117527979357488,0.936873624053307,1.42697225488931,0.156842163801077,24.0422457539512,0.278212789022252,0.786258408856033,0.371480498459872,44940.8604605204,0.158490371814841,6.7296816665625,6.02593497513048,0.514499193543246,1946.88809144338
"73",2319.70465068214,-2902801.55502462,2905121.2596753,0.191025416440721,38.4128387940951,0.0811726762992178,4233.90649858995,0.656710100441208,0.902175404592698,0.991962116378637,0.338444992211213,1352.51907796421,2.54226823154145,0.191351750500133,129.400817581932,0.163217526583304,2178.84949327395,0.172702030731565,0.189054679530659,20,21.9596220964309,0.239574110819034,5.5596832825104,5.46878416506021,0.301579082076116,0.409626009359411,0.117677617902034,0.867905290898156,0.681089716591052,0.531828096203417,0.449354864307557,0.712732450195561,0.3550911562868,0.415844862921786,22.6739073113621,0.155337702923066,4.5398864333268,38.5815121811891,0.142009002523708,0.852614722719071,0.228578636009214,0.159815908990288,28.7154726385075,0.254302967580176,0.794570936659151,0.28991770869402,32554.5240462694,0.162885627456213,6.08433436591148,0.10424880127391,0.601051019403911,15710.2814133143
"74",784.605895139834,-1552258.2863177,1553042.89221284,0.396186407246591,31.9779137204314,0.043754469006648,4904.91103044434,0.61895630851322,0.695583216012616,0.39651671042481,0.581864158931087,1149.39128650702,1.90585844829941,0.191341556802767,129.188102640105,0.17519609110291,2154.50020623451,0.0776546083547521,0.188368671473021,20,25.6973800066669,0.314267293020547,6.92757932778357,5.52649467068582,0.278230850425716,0.541901175284504,0.109463486286107,0.811266828891884,0.492383085234398,0.587791073358013,0.571850535818982,0.398993201842381,0.588503461421587,0.923907150412935,21.6424613668497,0.140550512757228,4.20778042220126,44.3617038790697,0.159971849630017,0.830763926601495,1.10954484915546,0.173234035575656,24.3351933696004,0.272395434115428,0.919474342848501,0.287503350375219,31967.0351649178,0.137224966683095,7.05664355114072,5.40972416920187,0.389761015508281,16574.8088804836
"75",2435.99111449367,-1788924.02296596,1791360.01408046,0.517590088251212,31.1530425295491,0.051715944920256,4092.18307076616,0.489687647445855,0.633365961157044,0.540194863720793,0.550836140582229,1269.32544028597,3.36332302411673,0.104179079497984,131.701963487919,0.146491389593363,5953.19999788213,0.0577835667196583,0.024919598472775,20,23.4934581550409,0.36749530378925,8.2151660118657,6.79341619337785,0.294867953596293,0.608918715178298,0.0986767057621332,0.840174349613683,0.672424814439466,0.673538142207648,0.501313561360335,0.656041703269736,0.384724165090485,0.612649409302941,21.2883817367501,0.163357691670625,5.95020337317636,42.4786605149108,0.11682128613196,0.865103137027947,0.503783487290812,0.141208838473168,17.9598784001063,0.270492059958023,0.727615504395119,0.475197452678975,33611.3249669651,0.105457114261109,3.1202215502298,7.91156491846579,0.66901049958186,5690.83426619026
"76",754.854106111158,-1146332.09559449,1147086.9497006,0.439564877449702,29.7428749638512,0.0813100362268472,4347.36017379909,0.814490938146797,0.407444151934057,0.341877753458683,0.647081419271008,1183.03707519032,2.767163127241,0.107378702021111,135.967964852937,0.145840815103052,184.253106690554,0.093584523161608,0.0726048739138607,20,11.6780251804588,0.163277956985778,8.80223600139477,6.83897388091214,0.644513866613906,0.431294481446877,0.0657620106930472,0.252224435322481,0.444584085077593,0.369435159533548,0.54533908098285,0.189630569778244,0.302749860914753,0.322040997364687,31.1917182928779,0.174731256045842,4.57511959680439,41.1091158738668,0.115927889407665,0.87799391038205,1.05631906468373,0.123431560477643,32.6906909055546,0.264148579655625,0.735733205588103,0.505005763605647,25482.653463503,0.196892747557291,1.37817532862233,4.46933910270828,0.359690002000345,14497.7837646795
"77",974.572820549402,-1614027.48304525,1615002.0558658,0.261709073182013,25.2676854373459,0.0911431376092112,4017.90417869888,0.0354402680481635,0.0351414774063537,0.291499286956356,0.242478004278878,1501.6279771566,3.77989856810894,0.168914849035937,144.355296045179,0.174844612886294,4093.4986219024,0.143462562674381,0.032400283589831,20,25.9162666633876,0.379685405082094,7.18363641862557,5.26220496170918,0.522975062252015,0.314072187995824,0.0582614270727805,0.596176567162712,0.886862054068871,0.0834443940259425,0.746221257598473,0.585212533838463,0.219282472160825,0.625252917864351,23.2482033949181,0.16326303646692,5.58117837436123,42.7660359966145,0.105231456258372,0.861350971869679,0.881082695939549,0.146445443194008,30.8889873240077,0.285106317438881,0.8326656482199,0.397530322868209,33698.4348393831,0.06352613141309,9.36749978017459,4.95841286676602,0.387113882934428,13272.1674614202
"78",1089.33962355701,-908718.085433407,909807.425056964,0.692117361179045,27.614988158257,0.047983019743566,4240.94150371109,0.0696018214366566,0.411699607433425,0.938339871500193,0.203487993269046,1235.73998079927,2.81380185482803,0.184108440600389,130.603586546797,0.219946139315633,1837.53164807016,0.140307388427717,0.0622856743662589,20,30.3883892487416,0.21592247170555,9.48068709178583,7.09652396341722,0.151973606545761,0.346475687903965,0.134250868413124,0.745158609101155,0.524825345248931,0.273681435226901,0.0533270963783766,0.285677075371426,0.707911615833142,0.216052007145928,24.4183899849531,0.172638353626281,5.7514117318733,42.9276682879073,0.118658959601068,0.895982553359658,1.5344639551996,0.196191260152534,28.9068558615988,0.2309110836564,0.447598984029438,0.316293003256427,17777.0802000658,0.164616204062816,3.67418536065856,4.05752550425744,0.112941523542019,8517.51817535363
"79",3035.78532186153,-719326.020254989,722361.805576851,0.0907639751531675,26.5727974425488,0.0301852530341063,5062.76398803687,0.556635551086058,0.437197854483974,0.336490219825254,0.0876879016950431,1266.88316919729,3.06859549764547,0.11396455616157,133.064142885554,0.163906255480117,4065.22941058025,0.0629086914881974,0.206225191498015,20,23.2131875583315,0.183529222190244,6.70195201191882,4.93877478085257,0.525051700200065,0.83728042318365,0.102099147837556,0.600608105290207,0.676035955413329,0.823333657464925,0.621303007452061,0.437484594894993,0.440547378816444,0.739733450041463,27.4421884935911,0.178491943357832,6.25565695773033,44.4480671425022,0.144518687059165,0.815587759325036,1.30582409828128,0.170581311686878,34.9415621630545,0.226993870138074,1.14144842527519,0.366010777018526,18405.2544311901,0.22412583850067,4.55363373740947,5.56860678614424,0.342954544408807,23182.258034466
"80",798.620020685139,-2906586.25344491,2907384.8734656,0.604688039296106,15.1734447276355,0.0443344397538378,5061.30196960426,0.340562539775311,0.721323347198375,0.310882212702106,0.780893940925797,1366.34779735716,3.51149669177413,0.145362809302018,125.333870784383,0.246925350900506,3098.63114680654,0.170368449091633,0.222750009464583,20,20.558173233581,0.297819125077655,7.39229788145178,4.80044321354895,0.57397055919585,0.334578677161783,0.118995395066836,0.407737496943706,0.589575919567233,0.864104281047704,0.974711324084636,0.447190594420206,0.918777288515086,0.326502767772063,23.4916726158309,0.126380039537465,5.15706613662284,43.2377960865645,0.141059108980348,0.787148028664107,1.18355762934611,0.153913863030124,30.5402794959618,0.244765724644663,1.10126198736482,0.442218885508432,24566.0631156511,0.132048541298845,5.98923830632744,5.57940427599188,0.55889423972435,6102.87805532383
"81",3538.26549417603,-414166.54713171,417704.812625886,0.426983530971149,33.1250334212937,0.0487815069116512,4458.58011436306,0.0588386322688053,0.544202858366702,0.767689120207743,0.516346526218434,1138.46567674262,2.89534181559648,0.165315522353383,129.456402527692,0.171035158111977,1413.21081608008,0.107236108627107,0.060112193129968,20,17.2179446832828,0.222403631446121,8.40734600434931,6.93168856297926,0.601745284503962,0.604154534333175,0.133438395701318,0.473470853858803,0.34930490325734,0.455559987493458,0.58232525307809,0.746674670733229,0.274833940728902,0.580236893311411,21.6815314441839,0.145315549091275,4.83538781197367,43.5893002000494,0.130815664929891,0.92403971387025,1.10516808221407,0.135287897643556,35.9655389495374,0.322196538304496,0.425379976169784,0.336498271868731,35781.2716533098,0.123709315566802,1.32110947896544,3.40947056527562,0.497110953867229,11323.8740478998
"82",3416.54871747543,-1159769.49958005,1163186.04829753,0.0248395714912768,26.0240296016862,0.0475165704191472,4695.61519060952,0.565709372073751,0.209328289490996,0.587439185447857,0.487821249460152,812.445320482065,3.67580878900999,0.18669463651351,145.468697961218,0.0780230807242956,4741.81869789877,0.133721267976509,0.153215636754449,20,19.9265499849333,0.486680806226043,8.67016135134716,7.23393813403415,0.586373771542544,0.532133002117823,0.0712461998041841,0.527466219990958,0.518829393911342,0.591853871296669,0.939695330648172,0.456463523692003,0.478580941281156,0.246818293998924,26.6287823714461,0.167602816668245,4.7636047641429,42.2497196866207,0.134701963524228,0.884093435278192,1.08061097918064,0.142181733328342,29.7150707451121,0.223720026431508,0.807306984102934,0.304764601112611,42180.9473330044,0.142648889747113,6.27912517974211,10.1715929629276,0.290740204270815,10356.1255482809
"83",115.619495739505,-1871475.31764298,1871590.93713872,0.435945657235343,36.7829858655201,0.0523094073308201,4530.57937110111,0.843071091968256,0.371579207779663,0.577052164096263,0.721612567562752,1169.51896368828,2.74635789978442,0.166462247686463,132.814021362933,0.152075017550144,835.373666792021,0.20278616187141,0.156523737989911,20,24.0617198089579,0.249207204696547,6.91190946726246,7.74817537212716,0.533103302147602,0.468612888012048,0.101543874197277,0.0950452009236459,0.507629826252862,0.02438520055556,0.496292533676925,0.414554951113517,0.431528976463793,0.441956032683041,24.3806643952282,0.131191911412436,3.66472815705192,44.1597770669876,0.106270092590739,0.854937374256205,0.968902633836216,0.160434078550725,29.9644069957474,0.221662904856718,0.655781152484235,0.329678909585242,30383.202403694,0.15748576489619,5.38202069826776,3.71699837409697,0.61316838732859,11679.3628602854
"84",2950.38178747366,-1253524.87447392,1256475.25626139,0.723107428155112,34.2766087698959,0.0332736226220255,4700.07550852323,0.505862771536456,0.249909024886183,0.897469832915827,0.607900403695161,1365.06054854522,1.82398395195361,0.149048423186401,125.609174474081,0.238006657961886,2292.4507882782,0.13052176319039,0.334962766375597,20,29.7340987500491,0.394699096039628,5.83748195675741,3.40926721717101,0.51531882813353,0.67272383457679,0.126509985766588,0.505173743565528,0.2976862795545,0.0138996436130172,0.981650262893455,0.739603455659474,0.454293920219294,0.334281035174613,22.8843282182272,0.147987296127338,5.80293338797421,40.7449550464422,0.117209086174658,0.870690016159924,1.02255208652291,0.143028864108319,31.8726814842245,0.192500029546716,0.958381980447025,0.20570522903178,30226.2224424297,0.177932484969703,3.84837294454227,5.28063721943237,0.644707289444969,10469.5176419221
"85",394.964851339156,-722663.881820204,723058.846671543,0.150416513507896,27.9824751489491,0.0897571109748888,4666.68517595129,0.680941973962968,0.581198983126464,0.542355181947561,0.653937943601674,1316.94567897256,3.54703674186263,0.144249806958317,143.053984010872,0.107456730318973,2170.60233588906,0.140311380078694,0.174219997057255,20,26.5653870717178,0.24931705148512,7.66910763579587,7.87908646816229,0.646748942571188,0.442440980644003,0.0419384989275949,0.0453553436329677,0.499993949152796,0.571505243551195,0.678048984207969,0.983364025852923,0.0799193252611986,0.584015771587821,26.6046590278743,0.177635966893489,5.90419356064054,41.9104458891935,0.134659328553942,0.849931688736797,1.08944695734163,0.1208962094878,22.2844028721681,0.277597359989828,0.796078338179257,0.336586560443939,17497.2200882913,0.1447101068455,4.12504021841239,9.33734806719843,0.565399522366888,12158.7213676678
"86",183.273861230005,-1814034.71237853,1814217.98623976,0.480237995715255,23.4324434443207,0.0337971712413716,4460.44820648681,0.304534714075773,0.466709393594151,0.00455250128959006,0.93790042794596,1130.96411287017,2.60500692349465,0.175401012178666,123.397059061014,0.313572831770456,2233.37809839565,0.169536733922886,0.094173520066163,20,24.7914240410762,0.261029550770849,6.36531216707611,7.93976251154568,0.416212500445424,0.250541317550292,0.0366576251775078,0.979333555066294,0.559971161379823,0.522663381913888,0.486885098848718,0.221555315950493,0.599010300478936,0.595895648713909,24.7562568030405,0.124033157668224,5.69900896379974,43.0132420049591,0.114424433106386,0.856235135578528,1.23130774016059,0.162622952153238,29.6626623003535,0.261390943408316,0.786835040490982,0.405875956870744,31405.3693786081,0.16951021009246,9.55206353784057,5.85115317178793,0.761528553303071,18024.680895828
"87",1132.76533174911,-1586038.99809322,1587171.76342497,0.295776689069893,29.171957433092,0.0485648713468813,4293.81681898966,0.218826375795632,0.572128664547806,0.784464518144641,0.961373399726886,1488.19148375984,2.91500964621238,0.17333262876646,138.776447701203,0.0630506128546424,2463.34386237193,0.0794869410569744,0.193823819696714,20,11.9071252529565,0.19587634627949,7.67194198328823,6.9468964616655,0.366969718932437,0.372098505521796,0.0776119386381339,0.377073994412178,0.746361040811984,0.862349675866596,0.573544882082474,0.849562946279246,0.449160124235344,0.0106431352768846,21.870501955397,0.176699580802609,4.60736192349713,42.512424614295,0.141167235751452,0.838985134969384,0.540326576276857,0.155340703210232,30.0660859620869,0.262651294514564,0.903246557429083,0.275400848289822,23136.5578202323,0.168859481587171,9.329718395525,9.74342701273951,0.567173543437787,17300.6819178834
"88",624.292037261956,-631388.111546009,632012.403583271,0.191756960636194,22.2721771301423,0.0425532142478546,4848.84865227951,0.51866840005253,0.45544363448588,0.20293625318199,0.906110377426464,927.845947617308,3.03420731652604,0.138068158793986,139.744642980055,0.31692424090722,2900.69329550618,0.132639185447815,0.258383965110802,20,19.2027440691926,0.189973769434333,8.91379296521187,7.78962078263688,0.534297531757723,0.594047147819853,0.0966001940613317,0.275410884756588,0.209510502192084,0.0689493720508448,0.0416355033928308,0.192758894659964,0.326930456350728,0.838325251864095,26.6144638868098,0.0978945357002755,5.43221966687713,42.3950391476162,0.115954253242143,0.869817033675453,0.713237246579355,0.168478371285792,29.6920732111398,0.267734845394879,0.933690609379926,0.374653946131706,32433.3139079157,0.134201752830443,3.059225052145,5.46945663563991,0.411952260408335,22571.9165141442
"89",457.844470683211,-1901308.70949828,1901766.55396897,0.44859629422809,19.0244376025674,0.0610305332526836,4883.2505566712,0.442830003851605,0.139996731218613,0.766546520040217,0.438812859049902,1081.46065450261,3.57468571895899,0.181919614656978,148.947712395872,0.145974537499465,3926.61374257143,0.133045377649003,0.0701066662055825,20,24.4199157850703,0.343769905389544,6.77479446907322,5.96721894889236,0.53343139695612,0.326327537189131,0.0825235977716892,0.170589552927425,0.346703194673556,0.185121941509129,0.598250671496489,0.260862505223975,0.830708199640799,0.472192252111366,24.114198707295,0.134663285831739,3.76088313173584,43.865087951158,0.121923586770509,0.822745866102559,1.11652104736745,0.181123357214432,30.4521446029702,0.243338347012813,0.901681971839229,0.315949122627973,22566.3863070942,0.10241230365947,9.23987774083166,9.63271962800924,0.55797053698459,18741.5747729861
"90",-49.9616002568349,-1510171.51255411,1510121.55095386,0.311997023616903,25.5648521032909,0.0697664388671519,5162.75195321635,0.727263893168007,0.129452076820571,0.00819327503040251,0.455407445717284,1356.26206045397,1.61564916643344,0.125870215877358,140.621934050753,0.253959089775722,4764.71575016066,0.154024610191338,0.124591608453091,20,20.0757346129271,0.320862550028007,8.06841113518713,7.681468867904,0.864671772264652,0.0812889904480372,0.0967709248857186,0.439592624617022,0.692631313914784,0.311937467961578,0.629852330270013,0.426253806768702,0.675656447591384,0.518335234015072,25.5603402929565,0.168606543036317,4.9960976674418,43.0297841967878,0.135343919061224,0.844904737908235,1.11428341377945,0.0880155712720658,18.5583159605795,0.264686399725428,0.579026731203544,0.419244024131438,27196.7047050759,0.10711630006243,7.53235400166584,1.18522959615536,0.269965689016438,16105.8033293762
"91",152.869911554087,-1228376.70473366,1228529.57464522,0.394209035567674,23.1007867540908,0.0465763872953734,4302.1300140172,0.532191479021507,0.831906024621295,0.61968757722682,0.287441454655781,1215.10879552561,2.33035031571253,0.148439545527257,154.725507261814,0.202958934542769,3562.6924068324,0.212215124079426,0.116548630489133,20,15.9714554603312,0.292680327205184,7.10103265347288,5.11731339222329,0.381835271948753,0.516304006946619,0.117837510890322,0.12611039939066,0.347855321758197,0.0650992819394365,0.799471684406339,0.304102936690637,0.570701997829679,0.067530150115755,24.7546389373599,0.109914652804837,5.57044070369806,40.1597367973914,0.133599468745157,0.89296094249428,1.09798911909522,0.100694854718577,23.1760777477044,0.268609750383941,0.812216589834771,0.268342037860322,27668.7902294424,0.119231838183076,4.31717143185416,6.93507226338362,0.296347707670275,1971.42237585358
"92",530.570246765188,-1394614.59940236,1395145.16964912,0.529602942954243,27.9952157343621,0.0194339889117455,4435.1163530349,0.421525106060104,0.667616430340185,0.632854540242533,0.707441925462614,1367.22400306392,2.93645789995263,0.144999255787894,124.60048188453,0.238947311813254,2792.83147389323,0.141224685433547,0.248856734084287,20,22.0178703899349,0.490980579533199,6.88282517541179,5.25362828793156,0.425103458891238,0.241227087215482,0.117000868499749,0.121201412809525,0.00285958529882296,0.351447053350086,0.658851929018516,0.610254197439731,0.539199120171348,0.0392278402087063,22.3560985390869,0.174434659460853,3.96944723679247,43.4039713856729,0.116111028763084,0.795147630291767,0.778952015750746,0.159061828083505,30.2395581724857,0.224531669219672,0.561170982211908,0.242697786972057,21826.1664760464,0.200088364076156,7.42314661456275,0.226604199610613,0.483444291913945,12949.9258769029
"93",34.2239477204496,-1670277.37849996,1670311.60244768,0.56130229274759,36.9464810163859,0.0223049100582875,3774.22032047308,0.361912768093785,0.502947229594598,0.0740645174498386,0.711304289196294,1097.0274316965,3.43828251524462,0.186544383435913,140.897988622005,0.158462144263852,2952.44900262674,0.0837777568699722,0.157955281024809,20,21.6355789119411,0.389847047806563,7.54214699886873,6.01574951672162,0.156984126188058,0.153850784479121,0.0404163220607225,0.821544382767267,0.272945203836495,0.18498156942606,0.895489763740801,0.899650623232992,0.400183684924551,0.66216659168839,19.8975264512782,0.127532472272165,4.39177519276894,41.851424609284,0.111823820131937,0.866635044479882,1.15514340840561,0.134228954638796,27.1220658448911,0.231493246076881,0.909611250511727,0.378779597945521,38536.3831835649,0.172174361523854,10.093869870514,4.41922523465088,0.468570811835909,19614.9269769102
"94",503.820896023026,-1546006.56933834,1546510.39023437,0.508093395338471,28.7204172711694,0.0350784887034698,5512.25085121104,0.881573498431654,0.423533626679165,0.530485991063067,0.680623919583225,1045.78852675066,3.22608876367438,0.189694262269246,143.957519713362,0.215486800960288,1290.87873560943,0.0774786596798527,0.201339212796032,20,23.484014491491,0.273871149249052,8.17336846673129,7.02578864863725,0.582738415952453,0.225236746508525,0.0881920898722729,0.467348952290906,0.305422302433563,0.577348324345986,0.992400904256389,0.366978057898125,0.480544477064923,0.63298536908817,23.0666451903928,0.125829878699846,4.3473806857265,44.0191055449176,0.0974840486670383,0.79221132433024,0.801426659913493,0.134779870497358,31.2631844564647,0.211416601985451,0.809545727922033,0.483846643339028,22376.4336972564,0.100770089486919,7.04927918377111,8.17020241904321,0.4476188176665,10605.9761882957
"95",1811.72998677106,-871845.976918693,873657.706905464,0.792454660680822,36.9478488950717,0.0344265035464972,4353.60222502873,0.252192393196261,0.059287519278433,0.361373505855118,0.418270991654471,1049.68282937859,4.41207478325677,0.130410193273826,139.2014219844,0.208576294552987,2960.74643677778,0.16142747973362,0.164486935922716,20,26.4475652582584,0.353896429301353,7.53849512239753,6.20315542403343,0.676590342318522,0.472860711964299,0.169012844919228,0.371267908957237,0.651978194298031,0.0394579532821697,0.473187084403003,0.517712075197495,0.493958610141677,0.916999732806909,24.9598960427303,0.175740501859648,4.86742177592424,42.8433915866026,0.119308683583832,0.868013260446547,1.62717314375239,0.218634147789733,33.9430150759819,0.241054751724179,0.733524608896499,0.315782707254796,32045.5311358423,0.181618933810431,4.00417214308103,0.35464721102417,0.214795087269158,10739.7440738901
"96",912.386817032575,-1784666.23490306,1785578.62172009,0.380121178493385,24.5160547513546,0.0677180631575528,4507.13167634422,0.555116083370907,0.547422110481802,0.665117060476884,0.161617457264865,1117.248488786,2.98131206943071,0.169336563983044,143.831642112642,0.207845648332238,4736.16524142812,0.126295221934227,0.17872215030568,20,22.9184560330605,0.404925437261937,7.59877187099502,3.29517993294431,0.3476510319995,0.568216415601862,0.157793240412806,0.286699422549822,0.768740334995184,0.570621749632981,0.226005228452504,0.386356458196287,0.350088296202832,0.947524457803536,23.9029130771468,0.169754957684796,5.57161628406578,44.4618692391755,0.118872161991163,0.833502944440126,0.800425750295325,0.216654004791378,29.0004203780158,0.25866453394106,0.902985029830312,0.428288988246619,19610.1427041343,0.125397729809903,5.94337351614373,6.92704701869792,0.492146707746691,14324.0128182499
"97",412.779420900812,-2115116.82128679,2115529.60070769,0.523005547038923,37.4910948152032,0.0447440035204504,5221.8593488788,0.655079465150308,0.280551898535183,0.707093509939574,0.342928169937481,1448.50929279671,3.57787687330901,0.124959836193395,138.562265931454,0.288506288955264,4107.12234714007,0.0593628343108989,0.147526202583451,20,21.7293800444046,0.37021402991919,8.17728683125231,5.4082238764049,0.511671468652441,0.466288136711616,0.0976517657320908,0.140715163946491,0.329179150649394,0.65567404632714,0.588871081883794,0.686217709792357,0.709039139114887,0.482527729960184,24.0447707479074,0.203414885266829,5.54124600901794,41.965641169649,0.110100273860063,0.881674526937099,1.17486506090371,0.202513685905584,10.9254861376278,0.294011652840833,0.481440685628221,0.416915554707879,36597.3174742413,0.155595320482491,6.71395926526811,1.50108786164932,0.687162533999007,10455.8019670713
"98",2639.99578769784,-1358274.11473072,1360914.11051842,0.0585183849039647,33.2889272790525,0.0224525915606154,4317.37074123246,0.486923574256038,0.455485599714934,0.501175818701571,0.380672620495402,1266.48928905731,3.72277886642134,0.154657111446372,125.165498285338,0.315550832316181,2327.62964261696,0.120651255115978,0.280797947377331,20,21.0440826936347,0.372250396109493,8.32599769536943,8.48137958866283,0.426864097846527,0.876677986916061,0.0621381669006435,0.564912433390289,0.22921011153713,0.00330009384510305,0.712777245721759,0.314889622053155,0.221952721526365,0.599083586644301,31.355024654252,0.15877424579798,5.52504949556483,43.0890676584969,0.126321918183763,0.837564729877718,0.608039750002794,0.0578368668427434,27.1320476236183,0.230267386397529,0.831658133096549,0.426536867904437,28395.5163656575,0.224176969663545,7.52258852977461,5.3038422710382,0.323366248680893,9981.71486628502
"99",-20.9099727418768,-1490052.62439969,1490031.71442694,0.613426800449552,33.1588785976643,0.0617763701326162,4390.1572243899,0.840097245140603,0.374536659054182,0.371258344486043,0.810198488909953,1370.68275651234,3.2213230009175,0.130946828194657,149.77947408601,0.198743952481086,3874.45087011154,0.143606543061318,0.0552125178880176,20,19.8084487363995,0.431552209611635,8.05792865728317,6.43761039346039,0.406336366223274,0.527899865727652,0.125813616080789,0.00866739963750301,0.476726429446504,0.390113555773922,0.307836939619681,0.756940251072551,0.357496029525215,0.660855073665723,21.0896118822698,0.163304218614456,4.56057481943282,42.2255626837385,0.118118735849382,0.891023422122025,1.1270980142496,0.11337277011143,30.2176717357769,0.241711119046347,1.03704737231986,0.328726890474856,27881.8854547936,0.170702370826498,3.55875467731342,2.70593596693463,0.382404744965123,18252.9278832917
"100",745.674465888112,-2449569.2019437,2450314.87640959,0.933589487457938,33.4009921648962,0.060927006339334,4482.9399898229,0.157265556553762,0.899986401407689,0.416068863093134,0.406788988110367,1637.84012274956,2.19553605013556,0.142404129602716,119.111541804359,0.292968989111845,5649.96477363608,0.143959945048431,0.0820132207554497,20,20.1251484401825,0.424117652084373,8.24308237489985,5.43629224706305,0.526448007947113,0.445182304120944,0.0982445320523971,0.523294510621699,0.052837966579019,0.818850270200681,0.604177352490302,0.791278767417623,0.732949632929438,0.38652231678667,23.4992513021745,0.108610458440567,4.29886517063269,43.0539327543194,0.117438944954634,0.851653134588355,1.07789761916142,0.133261367477042,41.5185092271656,0.254778555219086,0.787169775997122,0.429741808251582,24787.0161186823,0.1835564918561,4.03897802748365,3.59834181522457,0.571594494431062,14555.4598455081
